Japanese,English
何 (なに),What
あ (あ),Ah
あなた (あなた),You
言 (い),Say
行 (いく),Go
人 (ひと),Person
知 (しる),Know
事 (こと),Thing
彼女 (かのじょ),She
お前 (おまえ),You
話 (はなす),Talk
来 (くる),Come
分か (わかる),Understand
者 (もの),Person
聞 (きく),Hear
死 (しぬ),Die
時 (とき),Time
ああ (ああ),Ah
殺 (ころす),Kill
前 (まえ),Before
中 (なか),Inside
達 (たち),Plural
必要 (ひつよう),Necessary
あの (あの),That
気 (き),Feel
大丈夫 (だいじょうぶ),Okay
自分 (じぶん),Self
持 (もつ),Hold
本当 (ほんとう),True
時間 (じかん),Time
我々 (われわれ),We
一 (いち),One
的 (てき),Target
無 (む),
ありがとう (ありがとう),Thank you
家 (いえ),Home
会 (かい),Meeting
日 (ひ),Day
年 (とし),Year
仕事 (しごと),Work
手 (て),Hand
一緒 (いっしょ),Together
後 (あと),After
出来 (できる),Can
他 (ほか),Other
入 (はいる),Enter
電話 (でんわ),Phone
目 (め),Eye
様 (さま),Mr./Ms.
分 (わけ),Part
車 (くるま),Car
所 (ところ),Place
あんた (あんた),You
度 (ど),Degree
同じ (おなじ),Same
場所 (ばしょ),Location
問題 (もんだい),Problem
子供 (こども),Child
愛 (あい),Love
金 (きん),Money
名前 (なまえ),Name
子 (こ),Child
信 (しんじる),Believe
さあ (さあ),Well
少し (すこし),A little
使 (つかう),Use
全て (すべて),All
世界 (せかい),World
教え (おしえる),Teach
通り (とおり),Street
来る (くる),Come
上 (うえ),Up
入れ (いれる),Insert
人間 (にんげん),Human
行け (いける),Go
今日 (きょう),Today
物 (もの),Thing
女 (おんな),Woman
呼 (よぶ),Call
生 (いきる),Live
あれ (あれ),That
じゃあ (じゃあ),Well then
止め (とめる),Stop
心配 (しんぱい),Worry
母 (はは),Mother
連れ (つれ),Take
関係 (かんけい),Relation
外 (そと),Outside
家族 (かぞく),Family
起き (おきる),Wake up
意味 (いみ),Meaning
神 (かみ),God
警察 (けいさつ),Police
力 (ちから),Power
最後 (さいご),Last
作 (つくる),Make
次 (つぎ),Next
息子 (むすこ),Son
取 (とる),Take
全部 (ぜんぶ),All
間 (あいだ),Interval
書 (かく),Write
捜査 (そうさ),Investigation
起こ (おこす),Cause
回 (まわる),Turn
別 (べつ),Different
情報 (じょうほう),Information
理由 (りゆう),Reason
数 (かず),Number
一人 (ひとり),One person
部屋 (へや),Room
以上 (いじょう),More than
人生 (じんせい),Life
急 (いそぐ),Hurry
食べ (たべる),Eat
女性 (じょせい),Woman
続け (つづける),Continue
事件 (じけん),Incident
始め (はじめる),Start
最初 (さいしょ),First
連絡 (れんらく),Contact
まあ (まあ),Well
調べ (しらべる),Investigate
安全 (あんぜん),Safety
下さ (くださる),Give
楽し (たのしい),Enjoy
殺人 (さつじん),Murder
下 (した),Down
万 (まん),Ten thousand
友達 (ともだち),Friend
約束 (やくそく),Promise
二 (に),Two
結婚 (けっこん),Marriage
無理 (むり),Impossible
感じ (かんじ),Feeling
得 (える),Obtain
最高 (さいこう),Best
送 (おくる),Send
計画 (けいかく),Plan
仲間 (なかま),Companion
先 (さき),Ahead
可能 (かのう),Possible
あいつ (あいつ),That guy
あと (あと),After
明日 (あした),Tomorrow
変わ (かわる),Change
聞こえ (きこえる),Be heard
確認 (かくにん),Confirmation
命 (いのち),Life
着 (つく),Arrive
与え (あたえる),Give
全員 (ぜんいん),Everyone
動 (うごく),Move
理解 (りかい),Understand
二人 (ふたり),Two people
開け (あける),Open
友人 (ゆうじん),Friend
機 (き),Machine
不 (ふ),Not
あげ (あげる),Give
離れ (はなれる),Separate
戦 (たたかう),Fight
先生 (せんせい),Teacher
言え (いえる),Say
質問 (しつもん),Question
置 (おく),Place
犯人 (はんにん),Criminal
受け (うける),Receive
感 (かんじる),Feel
第 (だい),Number
あぁ (あぁ),Ah
伝え (つたえる),Convey
素晴らし (すばらしい),Wonderful
ドア (ドア),Door
本 (ほん),Book
乗 (のる),Ride
用 (よう),Use
感謝 (かんしゃ),Thanks
正し (ただしい),Correct
言葉 (ことば),Word
大 (おおきい),Big
立 (たつ),Stand
写真 (しゃしん),Photo
２人 (ふたり),Two people
説明 (せつめい),Explanation
博士 (はかせ),Doctor
強 (つよい),Strong
絶対 (ぜったい),Absolute
座 (すわる),Sit
国 (くに),Country
向か (むかう),Face
名 (な),Name
ある (ある),Exist
野郎 (やろう),Rascal
番 (ばん),Number
一番 (いちばん),Number one
重要 (じゅうよう),Important
状況 (じょうきょう),Situation
元気 (げんき),Healthy
水 (みず),Water
変え (かえる),Change
十分 (じゅうぶん),Enough
週間 (しゅうかん),Week
やあ (やあ),Hi
父親 (ちちおや),Father
間違い (まちがい),Mistake
王 (おう),King
了解 (りょうかい),Understanding
相手 (あいて),Opponent
員 (いん),Member
声 (こえ),Voice
会え (あえる),Meet
音 (おと),Sound
多く (おおく),Many
消え (きえる),Disappeared
会社 (かいしゃ),Company
簡単 (かんたん),Simple
選 (えらぶ),Choose
残念 (ざんねん),Disappointment
自由 (じゆう),Freedom
自身 (じしん),Self
等 (など),Etc.
一体 (いったい),What on earth
人々 (ひとびと),People
報告 (ほうこく),Report
読 (よむ),Read
過ぎ (すぎる),Pass
通 (とおる),Pass
アメリカ (アメリカ),America
元 (もと),Origin
命令 (めいれい),Order
高 (たかい),High
体 (からだ),Body
大統領 (だいとうりょう),President
月 (つき),Month
警官 (けいかん),Police officer
語 (ご),Language
学校 (がっこう),School
対 (たい),Against
決め (きめる),Decide
真実 (しんじつ),Truth
初めて (はじめて),For the first time
口 (くち),Mouth
大変 (たいへん),Tough
要 (よう),Need
変 (へん),Strange
戦争 (せんそう),War
学 (まなぶ),Study
あそこ (あそこ),Over there
武器 (ぶき),Weapon
店 (みせ),Shop
母親 (ははおや),Mother
刑事 (けいじ),Detective
気持ち (きもち),Feeling
間違 (まちがえる),Mistake
運 (うん),Luck
記録 (きろく),Record
光 (ひかり),Light
手伝 (てつだう),Help
深 (ふかい),Deep
落ち着 (おちつく),Calm down
存在 (そんざい),Existence
実 (じつ),Reality
役 (やく),Role
病院 (びょういん),Hospital
住 (すむ),Live
責任 (せきにん),Responsibility
あっ (あっ),Ah
普通 (ふつう),Normal
行動 (こうどう),Action
大きな (おおきな),Big
監視 (かんし),Surveillance
協力 (きょうりょく),Cooperation
多分 (たぶん),Maybe
実際 (じっさい),Actually
足 (あし),Foot
地球 (ちきゅう),Earth
生活 (せいかつ),Life
任せ (まかせる),Leave to
気分 (きぶん),Mood
解決 (かいけつ),Solution
結果 (けっか),Result
調査 (ちょうさ),Investigation
研究 (けんきゅう),Research
何処 (どこ),Where
発見 (はっけん),Discovery
場 (ば),Place
大事 (だいじ),Important
止ま (とまる),Stop
興味 (きょうみ),Interest
大き (おおきい),Big
生 (なま),Raw
なあ (なあ),Hey
運転 (うんてん),Drive
ヶ月 (かげつ),Months
多 (おおい),Many
１人 (いちにん),One person
番号 (ばんごう),Number
状態 (じょうたい),State
来い (こい),Come here
開 (ひらく),Open
上手 (じょうず),Skillful
済 (すむ),Finish
場合 (ばあい),Case
刑務 (けいむ),Penal
今度 (こんど),Next time
以外 (いがい),Except
朝 (あさ),Morning
飛行 (ひこう),Flight
あまり (あまり),Not very
近く (ちかく),Nearby
後ろ (うしろ),Behind
目的 (もくてき),Purpose
歌 (うた),Song
面白 (おもしろい),Interesting
弁護 (べんご),Defense
客 (きゃく),Customer
売 (うる),Sell
特別 (とくべつ),Special
昨日 (きのう),Yesterday
少な (すくない),Few
認め (みとめる),Acknowledge
死体 (したい),Corpse
医者 (いしゃ),Doctor
装置 (そうち),Device
共 (とも),Together
唯一 (ゆいいつ),Only
あんな (あんな),Such
不明 (ふめい),Unknown
限り (かぎり),Limit
信用 (しんよう),Trust
美し (うつくしい),Beautiful
用意 (ようい),Preparation
話せ (はなせる),Can talk
移動 (いどう),Move
映画 (えいが),Movie
取引 (とりひき),Transaction
最近 (さいきん),Recently
現場 (げんば),Scene
事故 (じこ),Accident
連中 (れんちゅう),Group
過去 (かこ),Past
全く (まったく),Totally
選択 (せんたく),Choice
完全 (かんぜん),Complete
信じ (しんじる),Believe
信頼 (しんらい),Trust
町 (まち),Town
何故 (なぜ),Why
始ま (はじまる),Begin
精神 (せいしん),Mind
付け (つける),Attach
女の子 (おんなのこ),Girl
気づ (きづく),Notice
記憶 (きおく),Memory
頑張 (がんばる),Do your best
2人 (ふたり),Two people
素敵 (すてき),Lovely
身 (み),Body
価値 (かち),Value
有 (ある),Exist
非常 (ひじょう),Emergency
三 (さん),Three
最も (もっとも),Most
両親 (りょうしん),Parents
人物 (じんぶつ),Person
生まれ (うまれる),Born
警備 (けいび),Security
以前 (いぜん),Before
無事 (ぶじ),Safe
聞け (きける),Can hear
決して (けっして),Never
銀行 (ぎんこう),Bank
馬鹿 (ばか),Fool
裁判 (さいばん),Trial
降り (おりる),Get off
大学 (だいがく),University
州 (しゅう),State
今回 (こんかい),This time
空 (そら),Sky
経験 (けいけん),Experience
本物 (ほんもの),Genuine
部 (ぶ),Department
化 (か),Change
未来 (みらい),Future
正直 (しょうじき),Honest
年間 (ねんかん),Annual
無駄 (むだ),Waste
現れ (あらわれる),Appear
島 (しま),Island
病気 (びょうき),Illness
内 (うち),Inside
風 (ふう),Wind
結構 (けっこう),Quite
治療 (ちりょう),Treatment
予定 (よてい),Schedule
点 (てん),Point
1人 (いちにん),One person
許可 (きょか),Permission
勇気 (ゆうき),Courage
最悪 (さいあく),Worst
本気 (ほんき),Serious
全然 (ぜんぜん),Not at all
任務 (にんむ),Mission
日本 (にほん),Japan
作戦 (さくせん),Strategy
成功 (せいこう),Success
進 (すすむ),Advance
近づ (ちかづく),Approach
品 (しな),Goods
消 (けす),Erase
小さな (ちいさな),Small
科学 (かがく),Science
放 (はなす),Release
向こう (むこう),Over there
事実 (じじつ),Fact
食 (たべもの),Food
関 (かん),Relation
戦い (たたかい),Battle
少年 (しょうねん),Boy
爆発 (ばくはつ),Explosion
現実 (げんじつ),Reality
保護 (ほご),Protection
地下 (ちか),Underground
隊 (たい),Team
地 (ち),Earth
別れ (わかれる),Parting
時代 (じだい),Era
使え (つかえる),Can use
組織 (そしき),Organization
式 (しき),Ceremony
落ち着け (おちつけ),Calm down
動物 (どうぶつ),Animal
無し (なし),
下が (さがる),Fall
技術 (ぎじゅつ),Technology
個人 (こじん),Individual
期待 (きたい),Expectation
調子 (ちょうし),Condition
線 (せん),Line
局 (きょく),Station
利用 (りよう),Utilize
主人 (しゅじん),Owner
館 (やかた),Building
毎日 (まいにち),Every day
付 (つける),Attach
当然 (とうぜん),Naturally
患者 (かんじゃ),Patient
全 (ぜん),Whole
今朝 (けさ),This morning
過ご (すごす),Spend
馬 (うま),Horse
あー (あー),Ah
あたし (あたし),I (female)
立て (たてる),Set up
地獄 (じごく),Hell
： (コロン),Colon
合 (あう),Fit
続 (つづく),Continue
陛下 (へいか),Your Majesty
小さ (ちいさい),Small
火 (ひ),Fire
平気 (へいき),Fine
世話 (せわ),Care
能力 (のうりょく),Ability
検査 (けんさ),Examination
木 (き),Tree
号 (ごう),Number
山 (やま),Mountain
解 (とく),Solve
警部 (けいぶ),Inspector
食事 (しょくじ),Meal
幸運 (こううん),Good luck
構 (かまえる),Construct
侵入 (しんにゅう),Intrusion
駄目 (だめ),No good
緊急 (きんきゅう),Emergency
親父 (おやじ),Old man
気付 (きづく),Notice
主 (ぬし),Master
速 (はやい),Fast
代わり (かわり),Substitute
休 (やすむ),Rest
原因 (げんいん),Cause
警告 (けいこく),Warning
山里 (やまざと),Mountain village
特に (とくに),Especially
部下 (ぶか),Subordinate
運命 (うんめい),Destiny
到着 (とうちゃく),Arrival
自殺 (じさつ),Suicide
屋 (や),House
現在 (げんざい),Currently
一部 (いちぶ),Part
行為 (こうい),Act
遺体 (いたい),Corpse
大切 (たいせつ),Important
関わ (かかわる),Be involved
常 (じょう),Usually
感情 (かんじょう),Emotion
夕食 (ゆうしょく),Dinner
星 (ほし),Star
達也 (たつや),Tatsuya
手紙 (てがみ),Letter
混乱 (こんらん),Confusion
支配 (しはい),Control
影響 (えいきょう),Influence
受け入れ (うけいれる),Acceptance
知れ (しれ),Be known
行方 (ゆくえ),Whereabouts
少女 (しょうじょ),Girl
位 (くらい),Rank
半分 (はんぶん),Half
誕生 (たんじょう),Birth
超 (ちょう),Super
施設 (しせつ),Facility
殺せ (ころせ),Kill
向け (むける),Intended for
機会 (きかい),Opportunity
人類 (じんるい),Humanity
正確 (せいかく),Accurate
色々 (いろいろ),Various
活動 (かつどう),Activity
料理 (りょうり),Cooking
要求 (ようきゅう),Request
再 (さい),Again
指示 (しじ),Instruction
部隊 (ぶたい),Unit
何者 (なにもの),What kind of person
音楽 (おんがく),Music
上げ (あげる),Raise
管理 (かんり),Management
映像 (えいぞう),Video
開始 (かいし),Start
議員 (ぎいん),Member of parliament
反対 (はんたい),Opposition
勝手 (かって),Selfish
器 (うつわ),Container
反応 (はんのう),Reaction
可愛 (かわいい),Cute
権利 (けんり),Rights
女王 (じょおう),Queen
大好き (だいすき),Love
面倒 (めんどう),Trouble
出発 (しゅっぱつ),Departure
引 (ひく),Pull
保安 (ほあん),Security
上が (あがる),Rise
決ま (きまる),Decide
楽しみ (たのしみ),Enjoyment
行き (いく),Go
将軍 (しょうぐん),General
担当 (たんとう),In charge
事態 (じたい),Situation
一杯 (いっぱい),Full
近 (ちかい),Near
発 (はつ),Emit
取り戻 (とりもどす),Recover
偉大 (いだい),Great
結局 (けっきょく),Ultimately
ロシア (ロシア),Russia
司令 (しれい),Commander
平和 (へいわ),Peace
解放 (かいほう),Release
直 (ただしい),Straight
事務 (じむ),Clerical work
瞬間 (しゅんかん),Moment
教授 (きょうじゅ),Professor
示 (しめす),Show
教会 (きょうかい),Church
優し (やさしい),Kind
位置 (いち),Position
以来 (いらい),Since
突然 (とつぜん),Suddenly
付き合 (つきあう),Associate
集中 (しゅうちゅう),Concentration
通信 (つうしん),Communication
あっち (あっち),Over there
契約 (けいやく),Contract
異常 (いじょう),Abnormal
殺し (ころし),Murder
部分 (ぶぶん),Part
様子 (ようす),State
沢山 (たくさん),Many
住所 (じゅうしょ),Address
参加 (さんか),Participation
旅 (たび),Trip
社 (しゃ),Company
重 (おもい),Heavy
自然 (しぜん),Nature
殺害 (さつがい),Murder
園 (その),Garden
速人 (はやひと),Fast person
途中 (とちゅう),On the way
証言 (しょうげん),Testimony
取れ (とれる),Obtain
前回 (ぜんかい),Last time
手術 (しゅじゅつ),Surgery
強盗 (ごうとう),Robbery
種 (たね),Seed
魔女 (まじょ),Witch
信号 (しんごう),Signal
専門 (せんもん),Specialty
閣下 (かっか),Your Excellency
会議 (かいぎ),Meeting
美月 (みづき),Mizuki
提供 (ていきょう),Offer
離 (はなれる),Separate
荷物 (にもつ),Luggage
安心 (あんしん),Relief
基地 (きち),Base
目撃 (もくげき),Witnessing
動き (うごき),Movement
指 (ゆび),Finger
時々 (ときどき),Sometimes
怪物 (かいぶつ),Monster
会話 (かいわ),Conversation
受け取 (うけとる),Receive
一致 (いっち),Agreement
全体 (ぜんたい),Entirety
アンタ (アンタ),You
親 (おや),Parent
天使 (てんし),Angel
勝利 (しょうり),Victory
主義 (しゅぎ),Principle
旅行 (りょこう),Travel
死亡 (しぼう),Death
夫人 (ふじん),Lady
目標 (もくひょう),Goal
個 (こ),Individual
中国 (ちゅうごく),China
生徒 (せいと),Student
建物 (たてもの),Building
確信 (かくしん),Conviction
出会 (であう),Meet
使用 (しよう),Use
台 (だい),Platform
社会 (しゃかい),Society
周り (まわり),Around
市民 (しみん),Citizen
色 (いろ),Color
停止 (ていし),Stop
曲 (きょく),Song
実験 (じっけん),Experiment
直接 (ちょくせつ),Direct
川 (かわ),River
ありがと (ありがとう),Thank you
実行 (じっこう),Execution
半 (はん),Half
乗せ (のせる),Load
後悔 (こうかい),Regret
案内 (あんない),Guidance
禁止 (きんし),Prohibition
距離 (きょり),Distance
次第 (しだい),Order
感染 (かんせん),Infection
制御 (せいぎょ),Control
有名 (ゆうめい),Famous
戦闘 (せんとう),Combat
以内 (いない),Within
書類 (しょるい),Documents
偶然 (ぐうぜん),Coincidence
機械 (きかい),Machine
最終 (さいしゅう),Final
無視 (むし),Ignore
王子 (おうじ),Prince
呼吸 (こきゅう),Breath
巨人 (きょじん),Giant
軍隊 (ぐんたい),Army
支援 (しえん),Support
大人 (おとな),Adult
同意 (どうい),Consent
恋人 (こいびと),Lover
知り合い (しりあい),Acquaintance
努力 (どりょく),Effort
白 (しろ),White
足り (たりる),Sufficient
進め (すすめる),Advance
惑星 (わくせい),Planet
味方 (みかた),Ally
回復 (かいふく),Recovery
新聞 (しんぶん),Newspaper
話し (はなし),Talk
アパート (アパート),Apartment
組 (くみ),Group
生き残 (いきのこる),Survive
一生 (いっしょう),Lifetime
処理 (しょり),Processing
兵器 (へいき),Weapon
方向 (ほうこう),Direction
決定 (けってい),Decision
当た (あたる),Hit
アクセス (アクセス),Access
満足 (まんぞく),Satisfaction
クレア (クレア),Claire
神経 (しんけい),Nerve
症 (しょう),Symptom
親友 (しんゆう),Best friend
流 (ながれる),Flow
分析 (ぶんせき),Analysis
不思議 (ふしぎ),Mystery
限 (かぎる),Limit
半田 (はんだ),Solder
物語 (ものがたり),Story
練習 (れんしゅう),Practice
久し (ひさし),Long time
他人 (たにん),Other people
両方 (りょうほう),Both
南 (みなみ),South
成長 (せいちょう),Growth
再び (ふたたび),Again
医 (い),Doctor
指揮 (しき),Command
最大 (さいだい),Maximum
病 (びょう),Illness
記事 (きじ),Article
時計 (とけい),Clock
手段 (しゅだん),Means
高校 (こうこう),High school
太陽 (たいよう),Sun
具合 (ぐあい),Condition
青 (あお),Blue
向 (むく),Face
才能 (さいのう),Talent
交換 (こうかん),Exchange
所有 (しょゆう),Ownership
最低 (さいてい),Worst
救急 (きゅうきゅう),Emergency
魅力 (みりょく),Charm
楽 (たのしい),Fun
応答 (おうとう),Response
最 (もっとも),Most
修理 (しゅうり),Repair
勉強 (べんきょう),Study
提案 (ていあん),Suggestion
資金 (しきん),Funds
社長 (しゃちょう),President
試合 (しあい),Match
気の毒 (きのどく),Sorry
金持ち (かねもち),Rich person
安定 (あんてい),Stability
指紋 (しもん),Fingerprint
流れ (ながれ),Flow
経 (けい),Pass through
団 (だん),Group
代 (だい),Era
日間 (にちかん),Days
午後 (ごご),Afternoon
政治 (せいじ),Politics
正体 (しょうたい),True identity
確保 (かくほ),Securing
機能 (きのう),Function
優秀 (ゆうしゅう),Excellent
動か (うごかす),Move
発生 (はっせい),Occurrence
英雄 (えいゆう),Hero
立場 (たちば),Position
電気 (でんき),Electricity
帽子 (ぼうし),Hat
効果 (こうか),Effect
条件 (じょうけん),Condition
確実 (かくじつ),Certain
連邦 (れんぽう),Federation
規則 (きそく),Rules
土地 (とち),Land
直ぐ (すぐ),Immediately
卒業 (そつぎょう),Graduation
手がかり (てがかり),Clue
自己 (じこ),Self
列車 (れっしゃ),Train
加減 (かげん),Degree
暴力 (ぼうりょく),Violence
立派 (りっぱ),Splendid
石 (いし),Stone
同様 (どうよう),Same
不安 (ふあん),Anxiety
身体 (しんたい),Body
無線 (むせん),Wireless
対処 (たいしょ),Dealing with
権 (けん),Authority
起動 (きどう),Boot up
誤解 (ごかい),Misunderstanding
治 (なおる),Cure
接触 (せっしょく),Contact
名誉 (めいよ),Honor
説得 (せっとく),Persuasion
特定 (とくてい),Specific
標的 (ひょうてき),Target
正義 (せいぎ),Justice
見張 (みはる),Watch over
導 (みちびく),Guide
無実 (むじつ),Innocence
アイツ (アイツ),That guy
興奮 (こうふん),Excitement
承知 (しょうち),Consent
納得 (なっとく),Understanding
光栄 (こうえい),Honor
本部 (ほんぶ),Headquarters
変更 (へんこう),Change
大佐 (たいさ),Colonel
空気 (くうき),Air
支払 (しはらう),Payment
あらゆる (あらゆる),All
表 (おもて),Surface
片付け (かたづける),Tidying up
地図 (ちず),Map
法律 (ほうりつ),Law
医療 (いりょう),Medical care
台無し (だいなし),Ruined
非 (ひ),Non-
貴様 (きさま),You (rude)
形 (かたち),Shape
評価 (ひょうか),Evaluation
都市 (とし),City
出身 (しゅっしん),Origin
釈放 (しゃくほう),Release
大した (たいした),Significant
保証 (ほしょう),Guarantee
予想 (よそう),Prediction
省 (しょう),Ministry
疑問 (ぎもん),Doubt
同僚 (どうりょう),Colleague
変化 (へんか),Change
交渉 (こうしょう),Negotiation
合わせ (あわせる),Combine
生命 (せいめい),Life
村 (むら),Village
作業 (さぎょう),Work
将来 (しょうらい),Future
面 (めん),Face
空港 (くうこう),Airport
指輪 (ゆびわ),Ring
巨大 (きょだい),Huge
西 (にし),West
手配 (てはい),Arrangement
工場 (こうじょう),Factory
城 (しろ),Castle
話し合 (はなしあう),Discuss
東 (ひがし),East
目覚め (めざめ),Awakening
金庫 (きんこ),Safe
間違え (まちがえる),Mistake
内部 (ないぶ),Inside
艦隊 (かんたい),Fleet
食料 (しょくりょう),Food
あり (あり),Exist
保険 (ほけん),Insurance
得意 (とくい),Good at
医師 (いし),Doctor
英語 (えいご),English
離婚 (りこん),Divorce
子ども (こども),Child
違反 (いはん),Violation
公 (こう),Public
維持 (いじ),Maintenance
男の子 (おとこのこ),Boy
味 (あじ),Taste
口座 (こうざ),Account
大勢 (おおぜい),Many people
鉄 (てつ),Iron
親切 (しんせつ),Kindness
仕業 (しわざ),Act
贈り物 (おくりもの),Gift
待機 (たいき),Standby
戦士 (せんし),Warrior
知らせ (しらせ),Notice
尋問 (じんもん),Interrogation
発射 (はっしゃ),Launch
食べ物 (たべもの),Food
系 (けい),System
駅 (えき),Station
開発 (かいはつ),Development
事情 (じじょう),Circumstances
育て (そだてる),Raise
上司 (じょうし),Boss
国家 (こっか),Nation
大使 (たいし),Ambassador
機関 (きかん),Organization
生物 (せいぶつ),Biology
超え (こえる),Exceed
天才 (てんさい),Genius
量 (りょう),Amount
横 (よこ),Side
観 (かん),View
入り (はいり),Enter
正気 (しょうき),Sanity
人質 (ひとじち),Hostage
有罪 (ゆうざい),Guilty
約 (やく),Approximately
中止 (ちゅうし),Cancellation
発表 (はっぴょう),Announcement
現金 (げんきん),Cash
始末 (しまつ),Handling
撮影 (さつえい),Filming
衛星 (えいせい),Satellite
都合 (つごう),Convenience
関連 (かんれん),Relation
間に合 (まにあう),Catch up
小屋 (こや),Hut
公園 (こうえん),Park
単純 (たんじゅん),Simple
王国 (おうこく),Kingdom
存知 (ぞんじ),Knowledge
加え (くわえる),Add
道路 (どうろ),Road
育 (そだてる),Raise
神父 (しんぷ),Priest
慎重 (しんちょう),Careful
生存 (せいぞん),Survival
注文 (ちゅうもん),Order
物質 (ぶっしつ),Material
関心 (かんしん),Interest
時期 (じき),Timing
駐車 (ちゅうしゃ),Parking
乗れ (のる),Ride
遺伝 (いでん),Genetics
返事 (へんじ),Reply
エイリアン (エイリアン),Alien
化学 (かがく),Chemistry
数え (かぞえる),Count
緊張 (きんちょう),Tension
優先 (ゆうせん),Priority
米国 (べいこく),United States
当て (あてる),Guess
出来事 (できごと),Event
設計 (せっけい),Design
大量 (たいりょう),Large quantity
投げ (なげる),Throw
内容 (ないよう),Content
機密 (きみつ),Confidential
授業 (じゅぎょう),Class
義務 (ぎむ),Duty
突き止め (つきとめる),Track down
広 (ひろい),Wide
通報 (つうほう),Report
文字 (もじ),Character
アップ (アップ),Up
学生 (がくせい),Student
暗殺 (あんさつ),Assassination
注目 (ちゅうもく),Attention
暗号 (あんごう),Cipher
背中 (せなか),Back
囚人 (しゅうじん),Prisoner
完成 (かんせい),Completion
休み (やすみ),Rest
孤独 (こどく),Loneliness
アイデア (アイデア),Idea
武装 (ぶそう),Arms
果た (はたす),Fulfill
地域 (ちいき),Region
始まり (はじまり),Beginning
見事 (みごと),Splendid
防衛 (ぼうえい),Defense
人形 (にんぎょう),Doll
カリフォルニア (カリフォルニア),California
着陸 (ちゃくりく),Landing
文句 (もんく),Complaints
委員 (いいん),Committee member
地元 (じもと),Local
自信 (じしん),Confidence
貴女 (あなた),You (polite)
知識 (ちしき),Knowledge
予約 (よやく),Reservation
椅子 (いす),Chair
教師 (きょうし),Teacher
賛成 (さんせい),Approval
操作 (そうさ),Operation
要請 (ようせい),Request
記者 (きしゃ),Reporter
今後 (こんご),From now on / in the future
畜生 (ちくしょう),Damn it / beast
伝説 (でんせつ),Legend
主張 (しゅちょう),Assertion / claim
民 (たみ),People / citizens
自ら (みずから),Oneself / personally
死者 (ししゃ),Deceased person
アンディ (Andī),Andy
機嫌 (きげん),Mood / temperament
小 (しょう),Small / little
アリス (Arisu),Alice
あきらめ (akirame),Giving up / resignation
程 (ほど),Degree / extent
ばあ (baa),Grandma (informal) / old woman
証人 (しょうにん),Witness
議論 (ぎろん),Discussion / debate
一般 (いっぱん),General / common
先週 (せんしゅう),Last week
放射 (ほうしゃ),Radiation
程度 (ていど),Degree / extent
アホ (aho),Fool / idiot
身元 (みもと),Identity
有難う (ありがとう),Thank you
アーサー (Āsā),Arthur
強力 (きょうりょく),Powerful / strong
同時 (どうじ),Simultaneous / at the same time
休暇 (きゅうか),Vacation / holiday
拷問 (ごうもん),Torture
出口 (でぐち),Exit
決断 (けつだん),Decision
移 (い),Move / migration
大尉 (たいい),Captain (military rank)
小僧 (こぞう),Young boy / lad
態度 (たいど),Attitude
記念 (きねん),Memorial / commemoration
投資 (とうし),Investment
危機 (きき),Crisis
持て (もて),Hold / carry
アナタ (anata),You (informal)
企業 (きぎょう),Company / enterprise
接近 (せっきん),Approach / proximity
世紀 (せいき),Century
一方 (いっぽう),On the other hand
動け (うごけ),Move (imperative)
知ら (しら),To know (archaic)
否定 (ひてい),Denial / negation
保管 (ほかん),Storage / safekeeping
ジュリア (Juria),Julia
吉森 (よしもり),Yoshimori (a name)
燃料 (ねんりょう),Fuel
源 (みなもと),Source
反 (はん),Counter / opposition
千 (せん),Thousand
順調 (じゅんちょう),Smooth / favorable
道具 (どうぐ),Tool
状 (じょう),State / condition
非難 (ひなん),Criticism / blame
朝食 (ちょうしょく),Breakfast
環境 (かんきょう),Environment
役立 (やくだ),Useful / helpful
午前 (ごぜん),Morning (AM)
アーマン (Āman),Arman
援護 (えんご),Support / assistance
動機 (どうき),Motive
売春 (ばいしゅん),Prostitution
令状 (れいじょう),Warrant
指導 (しどう),Guidance / leadership
天国 (てんごく),Heaven
この世 (このよ),This world
代表 (だいひょう),Representative
投票 (とうひょう),Vote
作れ (つくれ),Make (imperative)
最善 (さいぜん),Best / optimal
地上 (ちじょう),Ground / surface
手助け (てだすけ),Assistance
婚約 (こんやく),Engagement
選手 (せんしゅ),Athlete / player
保障 (ほしょう),Guarantee / protection
自動 (じどう),Automatic
呼び出 (よびだ),Summon / call out
売れ (うれ),Sell (imperative)
策 (さく),Plan / measure
伝言 (でんごん),Message
経営 (けいえい),Management
中尉 (ちゅうい),First lieutenant
休憩 (きゅうけい),Break / rest
数学 (すうがく),Mathematics
院 (いん),Institution / hospital
夜中 (よなか),Midnight
番組 (ばんぐみ),Program
種類 (しゅるい),Type / kind
手遅れ (ておくれ),Too late
外れ (はずれ),Miss / deviation
警戒 (けいかい),Vigilance / caution
ジュリアン (Juryan),Julian
似合 (にあ),Suit / match
犯行 (はんこう),Crime
基本 (きほん),Basic
影 (かげ),Shadow
読め (よめ),Read (imperative)
警報 (けいほう),Alarm
不足 (ふそく),Shortage / deficiency
門 (もん),Gate
同士 (どうし),Comrade / fellow
動揺 (どうよう),Agitation / disturbance
手伝い (てつだい),Help / assistance
対応 (たいおう),Response / correspondence
白人 (はくじん),White person
科 (か),Department / subject
推測 (すいそく),Guess / speculation
航空 (こうくう),Aviation
国民 (こくみん),Nation / citizens
演奏 (えんそう),Performance (music)
屋根 (やね),Roof
呼べ (よべ),Call (imperative)
初 (はつ),First / beginning
神々 (かみがみ),Gods
自宅 (じたく),Home / one's residence
中毒 (ちゅうどく),Addiction / poisoning
回収 (かいしゅう),Collection / retrieval
特殊 (とくしゅ),Special / unusual
降ろ (おろ),Lower / unload
市場 (いちば),Market
放せ (はなせ),Release (imperative)
帝国 (ていこく),Empire
送信 (そうしん),Transmission
四 (し),Four
国境 (こっきょう),Border
芸術 (げいじゅつ),Art
殺し屋 (ころしや),Hitman
人殺し (ひとごろし),Murderer
資料 (しりょう),Materials / documents
親し (したし),Familiar
年代 (ねんだい),Era / age
飲み物 (のみもの),Drink
正当 (せいとう),Just / legitimate
諜報 (ちょうほう),Intelligence (spy)
単なる (たんなる),Merely / simple
感覚 (かんかく),Sense / sensation
放送 (ほうそう),Broadcast
老人 (ろうじん),Old person
夢中 (むちゅう),Absorption / obsession
配置 (はいち),Arrangement / placement
支持 (しじ),Support
来れ (これ),Come (imperative)
告白 (こくはく),Confession
教育 (きょういく),Education
従業 (じゅうぎょう),Employment
看護 (かんご),Nursing
宝石 (ほうせき),Jewels / gems
生か (いか),To make use of
利益 (りえき),Profit / benefit
黒人 (こくじん),Black person
農場 (のうじょう),Farm
金曜 (きんよう),Friday
着け (つけ),Wear (imperative)
当局 (とうきょく),Authorities
告発 (こくはつ),Accusation / indictment
日々 (ひび),Daily / every day
設定 (せってい),Setting / configuration
正解 (せいかい),Correct answer
変身 (へんしん),Transformation / metamorphosis
工作 (こうさく),Work / craft
処刑 (しょけい),Execution
役割 (やくわり),Role / duty
一員 (いちいん),Member
発砲 (はっぽう),Gunfire / shooting
女子 (じょし),Girl / female
電子 (でんし),Electronic
結論 (けつろん),Conclusion
真面目 (まじめ),Serious / earnest
予測 (よそく),Prediction / forecast
修正 (しゅせい),Correction / modification
対象 (たいしょう),Target / subject
一時 (いちじ),Temporary / momentary
風呂 (ふろ),Bath / bathtub
取り出 (とりだ),Take out / extract
手錠 (てじょう),Handcuffs
牧師 (ぼくし),Pastor
半沢 (はんざわ),Hanzawa (a name)
実現 (じつげん),Realization / implementation
区 (く),Ward / district
種族 (しゅぞく),Race / species
時点 (じてん),Point in time
代わ (かわ),Replace / substitute
土曜 (どよう),Saturday
広が (ひろが),Spread / expand
戦え (たたかえ),Fight (imperative)
指令 (しれい),Instruction / command
生き物 (いきもの),Living thing / creature
美術 (びじゅつ),Art
自慢 (じまん),Pride / boast
舞台 (ぶたい),Stage / setting
上げろ (あげろ),Raise (imperative)
質 (しつ),Quality
交通 (こうつう),Traffic / transportation
引き起こ (ひきおこ),Trigger / cause
建て (たて),Build (imperative)
上昇 (じょうしょう),Rise / increase
心理 (しんり),Psychology
楽しめ (たのしめ),Enjoy (imperative)
検討 (けんとう),Consideration / examination
勤務 (きんむ),Work / duty
作用 (さよう),Effect / action
料 (りょう),Fee / material
付き (つき),Attached / included
隠れ家 (かくれが),Hideout
隊長 (たいちょう),Captain (military)
世代 (せだい),Generation
前進 (ぜんしん),Advancement / progress
決まり (きまり),Rule / decision
繭子 (まゆこ),Mayuko (a name)
死因 (しいん),Cause of death
続き (つづき),Continuation
酸素 (さんそ),Oxygen
凶器 (きょうき),Murder weapon / deadly weapon
引き受け (ひきうけ),Undertake / accept
助言 (じょげん),Advice / counsel
国王 (こくおう),King
外科 (げか),Surgery / surgical department
取り引き (とりひき),Transaction / deal
此処 (ここ),Here
支払い (しはらい),Payment
背後 (はいご),Behind / background
図書 (としょ),Books / library
際 (さい),Occasion / time
症状 (しょうじょう),Symptoms
話しかけ (はなしかけ),Talk to / address
引きず (ひきず),Drag / pull
用心 (ようじん),Caution / care
転送 (てんそう),Forwarding / transfer
公開 (こうかい),Public release / opening
商売 (しょうばい),Business / trade
隔離 (かくり),Quarantine / isolation
理想 (りそう),Ideal
月曜 (げつよう),Monday
派遣 (はけん),Dispatch / assignment
並 (ならび),Arrange / line up
表現 (ひょうげん),Expression
ジュニア (Junia),Junior
乗客 (じょうきゃく),Passenger
初めまして (はじめまして),Nice to meet you
目指 (めざ),Aim / aspire
年齢 (ねんれい),Age
虐殺 (ぎゃくさつ),Massacre / slaughter
アン (An),Ann
問 (とい),Question / inquiry
悪党 (あくとう),Villain / bad guy
争 (あらそ),Conflict / dispute
使い (つかい),Use / usage
現 (げん),Present / current
本人 (ほんにん),Person in question
十 (じゅう),Ten
報道 (ほうどう),News / reporting
分離 (ぶんり),Separation
発信 (はっしん),Transmission / sending
印象 (いんしょう),Impression
正面 (しょうめん),Front / face
面会 (めんかい),Meeting
ヵ月 (かげつ),Months
上院 (じょういん),Senate
目立 (めだ),Stand out / noticeable
戦略 (せんりゃく),Strategy
下り (くだり),Down / descent
艦長 (かんちょう),Captain (ship)
心当たり (こころあたり),Knowledge / awareness
引退 (いんたい),Retirement
金融 (きんゆう),Finance
無くな (なくな),Disappear / be lost
何千 (なんぜん),Thousands
婦人 (ふじん),Woman / lady
供給 (きょうきゅう),Supply
同盟 (どうめい),Alliance
毎晩 (まいばん),Every night
族 (ぞく),Tribe / family
商品 (しょうひん),Goods / products
見当 (けんとう),Estimation / guess
職員 (しょくいん),Staff / employee
正式 (せいしき),Formal / official
近づけ (ちかづけ),Approach (imperative)
一切 (いっさい),All / everything
祖母 (そぼ),Grandmother
群れ (むれ),Herd / flock
皇帝 (こうてい),Emperor
王女 (おうじょ),Princess
共和 (きょうわ),Republic
自転 (じてん),Rotation / self-rotation
アブ (Abu),Abu (a name or abbreviation)
テア (Tea),Tea (a name or abbreviation)
世の中 (よのなか),The world / society
級 (きゅう),Grade / rank
引っ越 (ひっこ),Move (residence)
魔術 (まじゅつ),Magic / sorcery
死人 (しにん),Dead person / corpse
進化 (しんか),Evolution
直ちに (ただちに),Immediately / promptly
期 (き),Period / term
北部 (ほくぶ),Northern region
充分 (じゅうぶん),Sufficient / ample
部長 (ぶちょう),Department head / manager
祝福 (しゅくふく),Blessing
アイリス (Airis),Iris (name)
庁 (ちょう),Bureau / office
アウト (Auto),Out / outside
給料 (きゅうりょう),Salary / wages
同情 (どうじょう),Sympathy
議会 (ぎかい),Parliament / assembly
黄色 (きいろ),Yellow
外国 (がいこく),Foreign country
作動 (さくどう),Operation / functioning
手掛かり (てがかり),Clue / lead
大臣 (だいじん),Minister
話題 (わだい),Topic / subject
校長 (こうちょう),Principal / headmaster
恋愛 (れんあい),Romance / love
追加 (ついか),Addition / supplement
検索 (けんさく),Search / lookup
連行 (れんこう),Detention / arrest
立ち上が (たちあが),Stand up / rise
建設 (けんせつ),Construction
数百 (すうひゃく),Several hundred
成果 (せいか),Achievement / result
発言 (はつげん),Remark / statement
苦手 (にがて),Weakness / difficulty
画像 (がぞう),Image / picture
取り組 (とりく),Address / tackle
何時 (いつ),When
類 (るい),Type / kind
株 (かぶ),Stock / share
司法 (しほう),Judiciary
双子 (ふたご),Twins
放棄 (ほうき),Abandonment / forsaking
出番 (でばん),Turn / chance
電車 (でんしゃ),Train
玄関 (げんかん),Entrance / foyer
屋敷 (やしき),Mansion / estate
当たり前 (あたりまえ),Obvious / natural
直面 (ちょくめん),Face / confront
共犯 (きょうはん),Accomplice
笑い声 (わらいごえ),Laughter
指名 (しめい),Nomination / designation
具体 (ぐたい),Specific / concrete
野球 (やきゅう),Baseball
突入 (とつにゅう),Break into / charge
救世 (きゅうせい),Salvation
儀式 (ぎしき),Ritual / ceremony
圧力 (あつりょく),Pressure
ノア (Noa),Noah (name)
キャリア (Career),Career
聖書 (せいしょ),Bible
連れ戻 (つれもど),Bring back / return
アル (Aru),Al (name or abbreviation)
周辺 (しゅうへん),Surroundings / area
高度 (こうど),Altitude / height
及 (およ),Reach / extend
大会 (たいかい),大会
職場 (しょくば),Workplace
比べ (くらべ),Comparison
あた (ata),Hit
日曜 (にちよう),Sunday
アドバイス (Advice),Advice
知恵 (ちえ),Wisdom
融資 (ゆうし),Loan / financing
最中 (さいちゅう),In the midst of
乗り (のり),Ride / boarding
議長 (ぎちょう),Chairperson / speaker
信念 (しんねん),Belief / conviction
連れ去 (つれさ),Abduct / take away
入院 (にゅういん),Hospitalization
気味 (きみ),Feeling / tendency
借金 (しゃっきん),Debt
整理 (せいり),Organize / arrangement
資産 (しさん),Assets / property
感動 (かんどう),Emotion / excitement
検死 (けんし),Autopsy
アレク (Arek),Alec (name)
検察 (けんさつ),Prosecution
引け (ひけ),Pull back / withdraw
アディ (Addi),Addie (name)
生涯 (しょうがい),Lifetime / career
企 (き),Plan / project
承認 (しょうにん),Approval
間抜け (まぬけ),Foolish / stupid
アーメン (Amen),Amen
買い物 (かいもの),Shopping
高速 (こうそく),High speed
解雇 (かいこ),Dismissal / firing
アリバイ (Aribai),Alibi
昼食 (ちゅうしょく),Lunch
天気 (てんき),Weather
引き金 (ひきがね),Trigger
獲物 (えもの),Prey / game
再生 (さいせい),Regeneration / playback
古代 (こだい),Ancient times
降伏 (こうふく),Surrender
南上 (なんじょう),Southward
役目 (やくめ),Role / duty
宗教 (しゅうきょう),Religion
一同 (いちどう),All present
録 (ろく),Record
界 (かい),World / realm
領域 (りょういき),Domain / territory
ブライアン (ぶらいあん),Brian
屋上 (おくじょう),Rooftop
アルファ (あるふぁ),Alpha
暴行 (ぼうこう),Assault
発明 (はつめい),Invention
社員 (しゃいん),Employee
静流 (しずる),Shizuru (name)
検事 (けんじ),Prosecutor
世 (よ),World / generation
半年 (はんとし),Half year
入り口 (いりぐち),Entrance
あたり (あたり),Around / vicinity
同然 (どうぜん),Naturally / obviously
悪人 (あくにん),Villain / bad person
達成 (たっせい),Achievement
弱点 (じゃくてん),Weakness
評議 (ひょうぎ),Council / deliberation
戦場 (せんじょう),Battlefield
物理 (ぶつり),Physics
死に (しに),Death
進展 (しんてん),Progress
受信 (じゅしん),Reception
菓子 (かし),Confectionery / sweets
高級 (こうきゅう),High-class / luxury
死ね (しね),Die (imperative)
アフリカ (あふりか),Africa
主任 (しゅにん),Supervisor
手順 (てじゅん),Procedure
野朗 (やろう),Rogue / scoundrel
あちこち (あちこち),Here and there / everywhere
時刻 (じこく),Time / hour
無効 (むこう),Invalid
防御 (ぼうぎょ),Defense
送れ (おくれ),Delay / send
複数 (ふくすう),Plural / multiple
下手 (へた),Clumsy / unskilled
港 (みなと),Port / harbor
死後 (しご),After death
少々 (しょうしょう),A little / slightly
電力 (でんりょく),Electric power
分間 (ぶんかん),Minutes (duration)
廊下 (ろうか),Hallway
真ん中 (まんなか),Center / middle
事項 (じこう),Item / matter
選べ (えらべ),Choose
処置 (しょち),Treatment / action
伝統 (でんとう),Tradition
地点 (ちてん),Location / point
曲が (まが),Curve / bend
新人 (しんじん),New person / rookie
下ろせ (おろせ),Lower / take down
発電 (はつでん),Power generation
保存 (ほぞん),Preservation
十字 (じゅうじ),Cross
代償 (だいしょう),Compensation / cost
習 (しゅう),Habit / practice
愛情 (あいじょう),Affection
サマリア (さまりあ),Samaria
評判 (ひょうばん),Reputation
誠人 (せいじん),Seijin (name)
挙げ (あげ),Raise / list
構築 (こうちく),Construction / building
解読 (かいどく),Decipher / decoding
昇進 (しょうしん),Promotion
住民 (じゅうみん),Resident
強化 (きょうか),Strengthening
手続き (てつづき),Procedure / formalities
親愛 (しんあい),Dear / affection
直前 (ちょくぜん),Just before
周囲 (しゅうい),Surroundings
一歩 (いっぽ),One step
博物 (はくぶつ),Museum / collection
偽物 (にせもの),Fake / counterfeit
拡大 (かくだい),Expansion
競争 (きょうそう),Competition
随分 (ずいぶん),Considerably / very
寄付 (きふ),Donation
積 (つも),Accumulation
以下 (いか),Less than / below
永久 (えいきゅう),Eternal / permanent
無用 (むよう),Unnecessary
神聖 (しんせい),Sacred
消防 (しょうぼう),Firefighting
大物 (おおもの),Big shot / important person
製造 (せいぞう),Manufacturing
立ち向か (たちむか),Confront / challenge
党 (とう),Party / political faction
公表 (こうひょう),Announcement / publication
録音 (ろくおん),Recording
素早 (すばや),Quick / swift
ウィリアム (ウィリアム),William
肉体 (にくたい),Physical body
年寄り (としより),Old person / elderly
誘導 (ゆうどう),Guidance
起訴 (きそ),Indictment
内側 (うちがわ),Inside
特徴 (とくちょう),Feature / characteristic
友情 (ゆうじょう),Friendship
やる気 (やるき),Motivation / enthusiasm
自体 (じたい),Itself
広げ (ひろげ),Expand
取り上げ (とりあげ),Pick up / take up
やり直 (やりなお),Redo
不法 (ふほう),Illegal
展開 (てんかい),Development
予備 (よび),Spare / reserve
手下 (てした),Underling / subordinate
＝ (イコール),Equals
カ月 (かげつ),Months (duration)
匿名 (とくめい),Anonymous
張 (ちょう),Stretch / expand
偵察 (ていさつ),Reconnaissance
アンジェラ (あんじぇら),Angela
アイザック (あいざっく),Isaac
国防 (こくぼう),National defense
王妃 (おうひ),Queen
優勝 (ゆうしょう),Victory / championship
黄金 (おうごん),Gold
忠実 (ちゅうじつ),Loyalty
利口 (りこう),Clever / smart
中佐 (ちゅうさ),Lieutenant Colonel
取り除 (とりのぞ),Remove
分野 (ぶんや),Field / area
果て (はて),End / limit
登場 (とうじょう),Appearance / entry
取締 (とりしまり),Regulation / control
拍手 (はくしゅ),Applause
会計 (かいけい),Accounting
懸命 (けんめい),Eager / desperate
部品 (ぶひん),Parts / components
本日 (ほんじつ),Today
提出 (ていしゅつ),Submission
売人 (うりびと),Dealer / peddler
谷 (たに),Valley
争い (あらそい),Conflict / dispute
再開 (さいかい),Reopening / resumption
人工 (じんこう),Artificial / man-made
座標 (ざひょう),Coordinates
色んな (いろんな),Various / all kinds of
地位 (ちい),Position / status
出会い (であい),Encounter / meeting
置け (おけ),Put / place
開放 (かいほう),Release / open
経済 (けいざい),Economy
小便 (しょうべん),Urine / pee
作家 (さっか),Author
率直 (そっちょく),Frank / straightforward
大声 (おおごえ),Loud voice
手放 (てばな),Let go / relinquish
基づ (もとづ),Based on
毎年 (まいとし),Every year
アビー (あびー),Abby
多少 (たしょう),Somewhat / a little
編集 (へんしゅう),Editing
数千 (すうせん),Several thousand
長年 (ながねん),Long years
独身 (どくしん),Single / unmarried
材料 (ざいりょう),Materials
部門 (ぶもん),Division / sector
エリア (えりあ),Area
郡 (ぐん),County
土 (つち),Soil / earth
出入り (でいり),In and out / entry and exit
意外 (いがい),Unexpected
参 (さん),Participate / attend
模様 (もよう),Pattern / design
予言 (よげん),Prophecy
立ち去 (たちさ),Leave / go away
植物 (しょくぶつ),Plant / vegetation
文書 (ぶんしょ),Document / writing
善人 (ぜんにん),Good person
教わ (おそわ),Teach
先日 (せんじつ),The other day
勝者 (しょうしゃ),Winner
追放 (ついほう),Exile
付き合い (つきあい),Association / relationship
持ち主 (もちぬし),Owner
適当 (てきとう),Appropriate / suitable
無料 (むりょう),Free of charge
孤児 (こじ),Orphan
手伝え (てつだえ),Help / assist
空腹 (くうふく),Hunger / empty stomach
演 (えん),Performance
宣言 (せんげん),Declaration
護 (まも),Protect
引き上げ (ひきあげ),Raise / withdraw
明白 (めいはく),Clear / obvious
制限 (せいげん),Restriction
侵略 (しんりゃく),Invasion
米 (こめ),Rice / USA
幸福 (こうふく),Happiness
合法 (ごうほう),Legal
作り (つくり),Making / creation
職業 (しょくぎょう),Occupation
国内 (こくない),Domestic
下着 (したぎ),Underwear
合格 (ごうかく),Pass / success
ライアス (らいあす),Lias (name)
化け物 (ばけもの),Monster
葬式 (そうしき),Funeral
音声 (おんせい),Voice / sound
構造 (こうぞう),Structure
黙示 (もくし),Revelation
先ず (まず),First
支店 (してん),Branch office
最強 (さいきょう),Strongest
地震 (じしん),Earthquake
解明 (かいめい),Clarification
見付け (みつけ),Find
済ま (すま),Complete
購入 (こうにゅう),Purchase
電波 (でんぱ),Radio waves
提督 (ていとく),Admiral
ツアー (つあー),Tour
同行 (どうこう),Accompany
尊重 (そんちょう),Respect
期限 (きげん),Deadline
メディア (めでぃあ),Media
空間 (くうかん),Space
自白 (じはく),Confession
会見 (かいけん),Press conference
動脈 (どうみゃく),Artery
費用 (ひよう),Cost / expense
マイアミ (まいあみ),Miami
狂気 (きょうき),Madness
銀 (ぎん),Silver
海外 (かいがい),Overseas
売り (うり),Sale
劇場 (げきじょう),Theater
隣人 (りんじん),Neighbor
木曜 (もくよう),Thursday
知り合 (しりあ),Acquaintance
空け (あけ),Empty / vacate
多数 (たすう),Many
報復 (ほうふく),Retaliation
面接 (めんせつ),Interview
外交 (がいこう),Diplomacy
アンドリュー (あんどりゅー),Andrew
内緒 (ないしょ),Secret
誠実 (せいじつ),Sincerity
中継 (ちゅうけい),Relay / broadcast
原子 (げんし),Atom
表示 (ひょうじ),Display / indication
地方 (ちほう),Region / area
足跡 (あしあと),Footprint
本名 (ほんみょう),Real name
悪者 (わるもの),Villain / bad person
日付 (ひづけ),Date
引き継 (ひきつ),Pass on / hand over
守護 (しゅご),Guardian / protection
味わ (あじわ),Taste
反撃 (はんげき),Counterattack
再会 (さいかい),Reunion
言語 (げんご),Language
アフガニスタン (あふがにすたん),Afghanistan
久利生 (くりゅう),Kuriu (name)
行き先 (いきさき),Destination
結末 (けつまつ),Conclusion
無く (なく),Without
演技 (えんぎ),Acting / performance
継続 (けいぞく),Continuation
無限 (むげん),Infinite
固定 (こてい),Fixed
製品 (せいひん),Product
送り込 (おくりこ),Send / dispatch
解け (ほどけ),Untie / unravel
貨物 (かもつ),Cargo
離陸 (りりく),Takeoff
潜水 (せんすい),Diving
任 (にん),Duty / responsibility
上着 (うわぎ),Jacket
空軍 (くうぐん),Air Force
アリ (あり),Ant
通話 (つうわ),Call / conversation
押し入 (おしいれ),Push in / closet
火曜 (かよう),Tuesday
児 (こ),Child
一応 (いちおう),Tentatively / for now
体制 (たいせい),System / structure
栄光 (えいこう),Glory
技 (わざ),Skill / technique
単独 (たんどく),Solo / single
自警 (じけい),Self-defense
一晩 (ひとばん),One night
加速 (かそく),Acceleration
過剰 (かじょう),Excessive
アボット (あぼっと),Abbot
丁度 (ちょうど),Exactly / just
不利 (ふり),Disadvantage
人種 (じんしゅ),Race / ethnicity
民主 (みんしゅ),Democracy
交代 (こうたい),Change / replacement
果 (はた),Fruit / result
史上 (しじょう),In history
引き渡 (ひきわた),Hand over
独房 (どくぼう),Solitary confinement
民衆 (みんしゅう),People / populace
陸軍 (りくぐん),Army
書け (かけ),Write
アレン (あれん),Allen
イアン (いあん),Ian
有効 (ゆうこう),Effective
検出 (けんしゅつ),Detection
集合 (しゅうごう),Gathering / collection
食え (くえ),Eat (imperative)
ピアノ (ぴあの),Piano
経歴 (けいれき),Career / background
判決 (はんけつ),Judgment / verdict
利 (り),Interest / benefit
所持 (しょじ),Possession
進歩 (しんぽ),Progress
見解 (けんかい),View / opinion
都 (みやこ),Capital / city
アーチャー (あーちゃー),Archer
声明 (せいめい),Statement / declaration
回避 (かいひ),Avoidance
文化 (ぶんか),Culture
粒子 (りゅうし),Particle
アイリーン (あいりーん),Irene
通路 (つうろ),Passage
坊主 (ぼうず),Monk / kid
持ち込 (もちこ),Bring in
設置 (せっち),Installation
載せ (のせ),Load / place
報 (ほう),Report / news
業界 (ぎょうかい),Industry
取り返 (とりかえ),Recover
意地 (いじ),Spite / stubbornness
獲得 (かくとく),Acquisition
変異 (へんい),Mutation
調達 (ちょうたつ),Procurement
情熱 (じょうねつ),Passion
最適 (さいてき),Optimal
区域 (くいき),Zone / area
変人 (へんじん),Eccentric person
催眠 (さいみん),Hypnosis
現象 (げんしょう),Phenomenon
法的 (ほうてき),Legal
本能 (ほんのう),Instinct
葉 (は),Leaf
風邪 (かぜ),Cold (illness)
仕上げ (しあげ),Finishing
重力 (じゅうりょく),Gravity
着信 (ちゃくしん),Incoming call
台所 (だいどころ),Kitchen
変態 (へんたい),Pervert
白状 (はくじょう),Confession
アカデミー (あかでみー),Academy
飛び降り (とびおり),Jump down
意気 (いき),Spirit / enthusiasm
送り (おくり),Send
近寄 (ちかよ),Approach / get close
成績 (せいせき),Grade / result
合流 (ごうりゅう),Confluence / merge
是非 (ぜひ),Definitely / whether or not
例外 (れいがい),Exception
同志 (どうし),Comrade
素直 (すなお),Honest / straightforward
ワイアット (わいやっと),Wyatt
本来 (ほんらい),Originally
皆殺し (みなごろし),Massacre
各 (かく),Each
応 (おう),Respond
引き出 (ひきだ),Withdraw / draw out
主に (おもに),Mainly
対抗 (たいこう),Counter / opposition
充電 (じゅうでん),Charging
墓地 (ぼち),Cemetery
座り (すわり),Sitting
売買 (ばいばい),Buy and sell
大体 (だいたい),Generally / roughly
創 (そう),Create
田舎 (いなか),Countryside
万歳 (ばんざい),Hooray
同じく (おなじく),Likewise
休め (やすめ),Rest
見張り (みはり),Watch / guard
論 (ろん),Argument / theory
番地 (ばんち),Address (number)
体重 (たいじゅう),Body weight
直感 (ちょっかん),Intuition
伝わ (つたわ),Transmit
一丿 (いちぼう),One piece / type
衝動 (しょうどう),Impulse
手首 (てくび),Wrist
持ち帰 (もちかえ),Take back
一種 (いっしゅ),A kind / species
相応し (ふさわし),Appropriate
直後 (ちょくご),Immediately after
探知 (たんち),Detection
生き返 (いきかえ),Revive
有能 (ゆうのう),Competent
高価 (こうか),Expensive
人数 (にんずう),Number of people
団体 (だんたい),Group / organization
境界 (きょうかい),Boundary
制 (せい),Control
日常 (にちじょう),Daily life
アナキン (あなきん),Anakin
女優 (じょゆう),Actress
保持 (ほじ),Hold / maintain
迷子 (まいご),Lost child
文明 (ぶんめい),Civilization
有利 (ゆうり),Advantageous
向こう側 (むこうがわ),The other side
連合 (れんごう),Union
アリソン (ありそん), Allison
宮殿 (きゅうでん), Palace
予感 (よかん), Premonition
性的 (せいてき), Sexual
市警 (しけい), City police
何に (なにに), What to
先だ (さきだ), Ahead / first
次元 (じげん), Dimension
付近 (ふきん), Vicinity / nearby
アナ (あな), Anna / hole
回線 (かいせん), Line / circuit
想定 (そうてい), Assumption
建築 (けんちく), Architecture / construction
出所 (しゅっしょ), Source / origin
大気 (たいき), Atmosphere
至急 (しきゅう), Urgent / immediately
停電 (ていでん), Power outage
直せ (なおせ), Fix (imperative)
応え (こたえ), Answer / response
戦術 (せんじゅつ), Tactics
比較 (ひかく), Comparison
次回 (じかい), Next time
悪気 (わるぎ), Malice
雰囲気 (ふんいき), Atmosphere / ambiance
持ち出 (もちだ), Take out
総督 (そうとく), Governor-General
退学 (たいがく), Expulsion / withdrawal from school
不快 (ふかい), Unpleasant / discomfort
中断 (ちゅうだん), Interruption
差別 (さべつ), Discrimination
秘書 (ひしょ), Secretary
前科 (ぜんか), Criminal record
一家 (いっか), Family / household
同 (おなじ), Same
地帯 (ちたい), Zone / area
鉱山 (こうざん), Mine (mineral)
伊勢 (いせ), Ise (city) / Ise (shrine)
保釈 (ほしゃく), Bail
アーム (あーむ), Arm
マフィア (まふぃあ), Mafia
教室 (きょうしつ), Classroom
能 (のう), Ability / talent
採用 (さいよう), Adoption / recruitment
拠点 (きょてん), Base / center
致命 (ちめい), Fatal
表情 (ひょうじょう), Expression
話し合い (はなしあい), Discussion / negotiation
王冠 (おうかん), Crown
決心 (けっしん), Determination
論理 (ろんり), Logic
出動 (しゅつどう), Deployment
職務 (しょくむ), Duty / job
論文 (ろんぶん), Thesis / paper
大げさ (おおげさ), Exaggeration
取材 (しゅざい), Interview / coverage
推理 (すいり), Deduction / reasoning
以降 (いこう), Since / after
初日 (しょにち), First day
産業 (さんぎょう), Industry
大胆 (だいたん), Bold / daring
引き裂 (ひきさ), Tear / rip
処方 (しょほう), Prescription
気絶 (きぜつ), Fainting
降下 (こうか), Descent
動産 (どうさん), Movable property
回転 (かいてん), Rotation
菜々 (なな), Nana (name)
知性 (ちせい), Intelligence
あかね (あかね), Akane (name)
作成 (さくせい), Creation
銃声 (じゅうせい), Gunshot
大嫌い (だいきらい), Detest / hate
路 (ろ), Path / route
偽造 (ぎぞう), Forgery
現地 (げんち), Local / on-site
和解 (わかい), Reconciliation
無力 (むりょく), Powerlessness
到達 (とうたつ), Arrival / reaching
握手 (あくしゅ), Handshake
当たり (あたり), Hit / correct
野蛮 (やばん), Barbaric
不運 (ふうん), Bad luck
日記 (にっき), Diary
在 (ざい), Exist / in
アイ (あい), Love / AI
説教 (せっきょう), Sermon / lecture
分かれ (わかれ), Separation
隊員 (たいいん), Team member / soldier
生産 (せいさん), Production
大将 (たいしょう), General / leader
爽太 (そうた), Sota (name)
変わり (かわり), Change / substitution
アルバート (あるばーと), Albert
紗絵子 (さえこ), Saeko (name)
別人 (べつじん), Different person
ソフィア (そふぃあ), Sophia
供述 (きょうじゅつ), Testimony
セクレタリアト (せくれたりあと), Secretariat
写 (しゃ), Photograph / copy
説 (せつ), Theory / explanation
指環 (ゆびわ), Ring
様々 (さまざま), Various
上出来 (じょうでき), Excellent / well done
エンジニア (えんじにあ), Engineer
小切手 (こぎって), Check (bank)
愛人 (あいじん), Lover
合意 (ごうい), Agreement
先月 (せんげつ), Last month
仮説 (かせつ), Hypothesis
盲目 (もうもく), Blindness
参照 (さんしょう), Reference
取り戻せ (とりもどせ), Retrieve (imperative)
無礼 (ぶれい), Rudeness
温度 (おんど), Temperature
乗り込 (のりこむ), Board / enter
宣伝 (せんでん), Advertisement
止 (とまる), Stop
務め (つとめ), Duty / service
賞金 (しょうきん), Prize money
現状 (げんじょう), Current situation
大麻 (たいま), Cannabis
生き残れ (いきのこれ), Survive (imperative)
及び (および), And / as well as
潜在 (せんざい), Potential
料金 (りょうきん), Fee / charge
予算 (よさん), Budget
呼び出し (よびだし), Summons
未知 (みち), Unknown
不審 (ふしん), Suspicion
派手 (はで), Flashy / showy
聴取 (ちょうしゅ), Hearing / listening
手口 (てぐち), Method / trick
インディアン (いんでぃあん), Indian
模合 (もあい), Match / meeting
決意 (けつい), Resolution
録画 (ろくが), Recording
成し遂げ (なしとげ), Accomplish
納屋 (のうや), Barn
習慣 (しゅうかん), Habit
人格 (じんかく), Personality
義理 (ぎり), Obligation
不死 (ふし), Immortality
毎回 (まいかい), Every time
アジア (あじあ), Asia
合理 (ごうり), Rationality
着せ (きせ), Dress / put on
動かせ (うごかせ), Move (imperative)
住人 (じゅうにん), Resident
郊外 (こうがい), Suburb
展示 (てんじ), Exhibition
人口 (じんこう), Population
象徴 (しょうちょう), Symbol
家賃 (やちん), Rent
広告 (こうこく), Advertisement
広場 (ひろば), Plaza
食堂 (しょくどう), Cafeteria / dining hall
本質 (ほんしつ), Essence
独立 (どくりつ), Independence
鉄道 (てつどう), Railway
過ごせ (すごせ), Spend (imperative)
初期 (しょき), Early stage
火災 (かさい), Fire (disaster)
金額 (きんがく), Amount (money)
遺産 (いさん), Heritage / inheritance
消せ (けせ), Erase (imperative)
協定 (きょうてい), Agreement / pact
狂人 (きょうじん), Madman
向き (むき), Direction / orientation
花火 (はなび), Fireworks
俳優 (はいゆう), Actor
身長 (しんちょう), Height
リアル (りある), Real / realistic
馬車 (ばしゃ), Carriage
戦車 (せんしゃ), Tank (military)
エア (えあ), Air
標準 (ひょうじゅん), Standard
香港 (ほんこん), Hong Kong
救命 (きゅうめい), Life-saving
裁 (さい), Judgment / trial
外部 (がいぶ), External / outside
隠し事 (かくしごと), Secret
殿下 (でんか), Your Highness
アルコール (あるこーる), Alcohol
足元 (あしもと), Footing
向き合 (むきあ), Face / confront
我が家 (わがや), My home
火星 (かせい), Mars
毎週 (まいしゅう), Every week
統合 (とうごう), Integration
形跡 (けいせき), Traces
親戚 (しんせき), Relative / kin
住宅 (じゅうたく), Housing
大人し (おとなし), Quiet / mild
動作 (どうさ), Action / movement
反抗 (はんこう), Rebellion
構え (かまえ), Stance / posture
神秘 (しんぴ), Mystery
アドレス (あどれす), Address
検視 (けんし), Autopsy
わあ (わあ), Wow
増加 (ぞうか), Increase
毛布 (もうふ), Blanket
常識 (じょうしき), Common sense
仕組 (しくみ), Structure / mechanism
最良 (さいりょう), Best / optimal
運営 (うんえい), Management / operation
バックアップ (ばっくあっぷ), Backup
仮定 (かてい), Hypothesis / assumption
抗議 (こうぎ), Protest
持ち上げ (もちあげ), Lift up
ダイアナ (だいあな), Diana
軍団 (ぐんだん), Troop / legion
男女 (だんじょ), Men and women
路地 (ろじ), Alley
年上 (としうえ), Older
師匠 (ししょう), Master / teacher
主要 (しゅよう), Main / principal
実在 (じつざい), Actual existence
ありゃ (ありゃ), Oh dear
消去 (しょうきょ), Erase / delete
回り (まわり), Around / circumference
部署 (ぶしょ), Department
アライグマ (あらいぐま), Raccoon
相続 (そうぞく), Inheritance
銀河 (ぎんが), Galaxy
審査 (しんさ), Examination / review
放置 (ほうち), Neglect / leave alone
営業 (えいぎょう), Sales / business
退院 (たいいん), Discharge (from hospital)
懸念 (けねん), Concern / worry
全国 (ぜんこく), Nationwide
改善 (かいぜん), Improvement
動画 (どうが), Video
東田 (ひがしだ), Higashida (name)
現代 (げんだい), Modern times
低下 (ていか), Decline
見知 (みし), Familiarity
競技 (きょうぎ), Competition / sport
全滅 (ぜんめつ), Extinction / wipeout
立ち寄 (たちよ), Stop by / drop in
アー (あー), Ah
野菜 (やさい), Vegetables
悟空 (ごくう), Goku
組合 (くみあい), Union / association
異議 (いぎ), Objection
名乗 (なの), Announce (one's name)
生き残り (いきのこり), Survivor
石油 (せきゆ), Petroleum / oil
本心 (ほんしん), True feelings
気楽 (きらく), Easy-going / carefree
無茶 (むちゃ), Reckless
化粧 (けしょう), Makeup
補給 (ほきゅう), Supply / replenishment
野生 (やせい), Wild / nature
フェア (ふぇあ), Fair
退治 (たいじ), Extermination
知的 (ちてき), Intellectual
経路 (けいろ), Route
アイディア (あいでぃあ), Idea
麗子 (れいこ), Reiko (name)
目だ (めだ), Stand out
通り抜け (とおりぬけ), Passing through
改造 (かいぞう), Modification
大騒ぎ (おおさわぎ), Commotion
先頭 (せんとう), Lead / forefront
雇用 (こよう), Employment
異星 (いせい), Alien / extraterrestrial
成立 (せいりつ), Establishment
数十 (すうじゅう), Several tens
税金 (ぜいきん), Tax
兵隊 (へいたい), Soldier
似合い (にあい), Suit / match
人員 (じんいん), Personnel
電池 (でんち), Battery
コロンビア (ころんびあ), Columbia
転が (ころが), Roll
交差 (こうさ), Intersection
通知 (つうち), Notification
考え直 (かんがえなお), Reconsider
首都 (しゅと), Capital (city)
基準 (きじゅん), Standard / criteria
賞賛 (しょうさん), Praise / admiration
アイルランド (あいるらんど), Ireland
昨年 (さくねん), Last year
アレルギー (あれるぎー), Allergy
観光 (かんこう), Tourism
最愛 (さいあい), Most beloved
防犯 (ぼうはん), Crime prevention
航海 (こうかい), Voyage
男子 (だんし), Boy
安藤 (あんどう), Ando (name)
大門 (だいもん), Daimon (name)
画面 (がめん), Screen
名簿 (めいぼ), List
先祖 (せんぞ), Ancestor
降ろせ (おろせ), Lower (imperative)
引っかか (ひっかか), Get caught / stuck
機器 (きき), Equipment
養子 (ようし), Adopted child
流行 (りゅうこう), Trend
前線 (ぜんせん), Front line
作り話 (つくりばなし), Fabrication / made-up story
周波 (しゅうは), Frequency
外せ (はずせ), Remove (imperative)
伝染 (でんせん), Infection
配 (はい), Distribution
臓器 (ぞうき), Organ (body)
上級 (じょうきゅう), Advanced
再現 (さいげん), Reproduction / reenactment
前方 (ぜんぽう), Forward / front
統治 (とうち), Rule / governance
迅速 (じんそく), Rapid / prompt
物資 (ぶっし), Supplies
政権 (せいけん), Regime
転換 (てんかん), Conversion
観客 (かんきゃく), Audience
入り込 (いりこむ), Penetrate / intrude
香水 (こうすい), Perfume
後退 (こうたい), Retreat
スチュアート (すちゅあーと), Stuart
区画 (くかく), Section / zone
ソ連 (それん), Soviet Union
制度 (せいど), System
接 (せつ), Contact / connection
家具 (かぐ), Furniture
専用 (せんよう), Exclusive use
整 (せい), Organize / adjust
安らか (やすらか), Peaceful
あちら (あちら), Over there
祖国 (そこく), Homeland
再建 (さいけん), Reconstruction
貴族 (きぞく), Nobility
並べ (ならべ), Arrange (imperative)
降参 (こうさん), Surrender
移送 (いそう), Transport
転 (てん), Turn / change
参考 (さんこう), Reference
推薦 (すいせん), Recommendation
大戦 (たいせん), Great War
業者 (ぎょうしゃ), Contractor / vendor
不在 (ふざい), Absence
総統 (そうとう), Führer / supreme leader
照ら (てら), Illuminate
交わ (かわ), Exchange / mingle
乱暴 (らんぼう), Violence / rough
野獣 (やじゅう), Wild beast
厳重 (げんじゅう), Strict
見直 (みなお), Review
大和田 (おおわだ), Oowada (name)
領主 (りょうしゅ), Lord / ruler
回路 (かいろ), Circuit
口論 (こうろん), Argument
射殺 (しゃさつ), Shooting
乗っ取 (のっと), Hijack
暴動 (ぼうどう), Riot
手間 (てま), Effort / labor
言い (いい), Saying
会場 (かいじょう), Venue
採取 (さいしゅ), Collection
消滅 (しょうめつ), Extinction
文 (ぶん), Sentence / writing
参り (まいり), Go / come (humble)
業務 (ぎょうむ), Business / duty
価格 (かかく), Price
あが (あが), Rise
警視 (けいし), Police inspector
子犬 (こいぬ), Puppy
出産 (しゅっさん), Childbirth
節約 (せつやく), Thrift
空想 (くうそう), Imagination
重ね (かさね), Layer / pile
別々 (べつべつ), Separate
演説 (えんぜつ), Speech
手袋 (てぶくろ), Gloves
入学 (にゅうがく), Enrollment
外側 (そとがわ), Outer side
階級 (かいきゅう), Rank
引き出し (ひきだし), Drawer
弟子 (でし), Apprentice
組み合わせ (くみあわせ), Combination
全身 (ぜんしん), Whole body
母国 (ぼこく), Motherland
知事 (ちじ), Governor
引き換え (ひきかえ), Exchange
アリシア (ありしあ), Alicia
女神 (めがみ), Goddess
設備 (せつび), Equipment
たどり着 (たどりつ), Arrive at
群 (むれ), Group
感心 (かんしん), Admiration
摂取 (せっしゅ), Intake
毎朝 (まいあさ), Every morning
無謀 (むぼう), Recklessness
ミア (みあ), Mia
茶色 (ちゃいろ), Brown
経過 (けいか), Passage (of time)
表面 (ひょうめん), Surface
照合 (しょうごう), Verification
旧 (きゅう), Old / former
強烈 (きょうれつ), Intense
加護 (かご), Protection
苦情 (くじょう), Complaint
延期 (えんき), Postponement
探検 (たんけん), Exploration
院長 (いんちょう), Director (of a hospital)
所属 (しょぞく), Affiliation
定め (さだめ), Determination / fate
猶予 (ゆうよ), Grace period
裏口 (うらぐち), Back door
劇 (げき), Play / drama
解散 (かいさん), Dissolution
急ぎ (いそぎ), Hurry
力丶 (りき), Strength / power
同感 (どうかん), Same feeling
令 (れい), Order / command
先端 (せんたん), Cutting edge
事前 (じぜん), Prior
南部 (なんぶ), Southern part
韓国 (かんこく), South Korea
団結 (だんけつ), Unity
公正 (こうせい), Fairness
聞き (きき), Hearing / listening
順番 (じゅんばん), Order
アンドレア (あんどれあ), Andrea
照明 (しょうめい), Lighting
湾 (わん), Bay
神話 (しんわ), Myth
受け取れ (うけとれ), Receive (imperative)
寸前 (すんぜん), Just before
祐司 (ゆうじ), Yuji (name)
会長 (かいちょう), President (of a company/organization)
小人 (こびと), Dwarf
入口 (いりぐち), Entrance
叫び声 (さけびごえ), Shout
不良 (ふりょう), Delinquent / poor quality
合成 (ごうせい), Synthesis
聖職 (せいしょく), Clergy
中隊 (ちゅうたい), Platoon
あけ (あけ), Dawn
知能 (ちのう), Intelligence
富 (とみ), Wealth
推定 (すいてい), Estimate
口径 (こうけい), Caliber
絵画 (かいが), Painting
信者 (しんじゃ), Believer
見通し (みとおし), Outlook
寛大 (かんだい), Generous
産まれ (うまれ), Birth
信じろ (しんじろ), Believe (imperative)
バージニア (ばーじにあ), Virginia
裕福 (ゆうふく), Wealthy
一矢 (いっし), A single shot
特権 (とっけん), Privilege
後方 (こうほう), Rear
入力 (にゅうりょく), Input
作り出 (つくりだ), Create
金髪 (きんぱつ), Blonde hair
行い (おこない), Conduct
受け継 (うけつ)`, Inherit
外傷 (がいしょう), External injury
井戸 (いど), Well
アッシュ (あっしゅ), Ash
座席 (ざせき), Seat
雨宮 (あめみや), Amemiya (name)
機長 (きちょう), Captain (of a plane)
通訳 (つうやく), Interpreter
モリアティー (もりあてぃー), Moriarty
補佐 (ほさ), Assistant
来年 (らいねん), Next year
内臓 (ないぞう), Internal organs
解剖 (かいぼう), Autopsy
あて (あて), Target
血清 (けっせい), Serum
まあまあ (まあまあ), So-so
決着 (けっちゃく), Conclusion
偽名 (ぎめい), Alias
幹部 (かんぶ), Executive
子守 (こもり), Babysitting
アンドリア (あんどりあ), Andrea
空っぽ (からっぽ), Empty
食い止め (くいとめ), Stop / prevent
提示 (ていじ), Presentation
素人 (しろうと), Amateur
アポロ (あぽろ), Apollo
アンジー (あんじー), Angie
深夜 (しんや), Late night
出演 (しゅつえん), Performance
通れ (とおれ), Pass through (imperative)
抑制 (よくせい), Suppression
歌手 (かしゅ), Singer
右手 (みぎて), Right hand
天井 (てんじょう), Ceiling
振り向 (ふりむ), Turn around
共謀 (きょうぼう), Conspiracy
構成 (こうせい), Composition
一気 (いっき), All at once
アート (あーと), Art
分子 (ぶんし), Molecule
５千 (ごせん), Five thousand
共産 (きょうさん), Communism
自爆 (じばく), Suicide bombing
場面 (ばめん), Scene
街中 (まちじゅう), In the city
送金 (そうきん), Remittance
呼び (よび), Call
立ち (たち), Stand / rise
生まれ変わ (うまれかわ), Rebirth
搭乗 (とうじょう), Boarding
店員 (てんいん), Store clerk
勢力 (せいりょく), Influence / power
可哀想 (かわいそう), Pitiful
略奪 (りゃくだつ), Plunder
細工 (さいく), Craftsmanship
体内 (たいない), Inside the body
化け (ばけ), Transform / disguise
帰国 (きこく), Return to one's country
聞か (きか), Ask
食い物 (くいもの), Food
放火 (ほうか), Arson
部族 (ぶぞく), Tribe
最期 (さいご), Last moments
放題 (ほうだい), As much as one likes
診察 (しんさつ), Medical examination
角度 (かくど), Angle
名付け (なづけ), Naming
通用 (つうよう), Commonly used
立証 (りっしょう), Proof
可笑し (おかし), Funny
打ち上げ (うちあげ), Launch / party
救済 (きゅうさい), Relief
液体 (えきたい), Liquid
あえて (あえて), Intentionally
平穏 (へいおん), Peace
公共 (こうきょう), Public
服役 (ふくえき), Serving (sentence)
食欲 (しょくよく), Appetite
感想 (かんそう), Impression
美 (び), Beauty
予防 (よぼう), Prevention
役者 (やくしゃ), Actor
工学 (こうがく), Engineering
野心 (やしん), Ambition
哲学 (てつがく), Philosophy
抹殺 (まっさつ), Eradication
生え (はえ), Grow
理性 (りせい), Reason
欠点 (けってん), Flaw
再度 (さいど), Again
整え (ととのえ), Arrange
亡命 (ぼうめい), Exile
オーストラリア (おーすとらりあ), Australia
太平 (たいへい), Peaceful
近付 (ちかづ), Approach
あん (あん), Idea / suggestion
向かえ (むかえ), Welcome (imperative)
点火 (てんか), Ignition
荷造り (にづくり), Packing
移植 (いしょく), Transplant
箇所 (かしょ), Location
恩人 (おんじん), Benefactor
役員 (やくいん), Executive
外見 (がいけん), Appearance
便利 (べんり), Convenient
解析 (かいせき), Analysis
魔力 (まりょく), Magical power
明信 (あけしん), Clear信
要点 (ようてん), Key point
身代金 (みのしろきん), Ransom
将校 (しょうこう), Officer
一掃 (いっそう), Sweep away
名案 (めいあん), Good idea
生み出 (うみだ), Create
鼓動 (こどう), Pulse
堂々 (どうどう), Grandly
意義 (いぎ), Meaning
反省 (はんせい), Reflection
食らえ (くらえ), Eat (imperative)
野人 (やじん), Savage
失業 (しつぎょう), Unemployment
国外 (こくがい), Abroad
遂行 (すいこう), Execution (of a plan)
下水 (げすい), Sewage
支度 (したく), Preparation
要素 (ようそ), Element
いやあ (いやあ), Oh no / no
解釈 (かいしゃく), Interpretation
周 (しゅう), Surroundings
起爆 (きばく), Detonation
学者 (がくしゃ), Scholar
計 (けい), Plan / calculation
美味 (おいしい), Delicious
警 (けい), Warning / police
進路 (しんろ), Course
処女 (しょじょ), Maiden / virgin
毎 (まい), Every
大抵 (たいてい), Usually
青年 (せいねん), Youth
識別 (しきべつ), Identification
翌日 (よくじつ), Next day
無敵 (むてき), Invincible
取り消 (とりけ), Cancellation
手柄 (てがら), Achievement
仲直り (なかなおり), Reconciliation
公衆 (こうしゅう), Public
食ら (くら), Eat
衛生 (えいせい), Hygiene
変装 (へんそう), Disguise
測定 (そくてい), Measurement
依存 (いぞん), Dependency
立ち入り (たちいり), Entry
アンバー (あんばー), Amber
アロー (あろー), Arrow
身内 (みうち), Relatives
破産 (はさん), Bankruptcy
村田 (むらた), Murata (name)
司祭 (しさい), Priest
アシスタント (あしすたんと), Assistant
会合 (かいごう), Meeting
未亡人 (みぼうじん), Widow
アンダーソン (あんだーそん), Anderson
昼間 (ひるま), Daytime
傍受 (ぼうじゅ), Eavesdropping
あふれ (あふれ), Overflow
不倫 (ふりん), Adultery
過激 (かげき), Radical
電 (でん), Electricity
警護 (けいご), Guard
究極 (きゅうきょく), Ultimate
ムーア (むーあ), Moore
区別 (くべつ), Distinction
何十 (なんじゅう), Several tens
引き離 (ひきはな), Separate
コア (こあ), Core
ビクトリア (びくとりあ), Victoria
孤立 (こりつ), Isolation
ボランティア (ぼらんてぃあ), Volunteer
一流 (いちりゅう), Top class
ぶっ殺 (ぶっころ), Kill (slang)
学べ (まなべ), Learn (imperative)
民族 (みんぞく), Ethnicity / people
報い (むくい), Reward / punishment
兵団 (へいだん), Corps
活躍 (かつやく), Activity / success
真下 (まっした), Directly below
高貴 (こうき), Noble
占領 (せんりょう), Occupation
後部 (こうぶ), Rear part
水曜 (すいよう), Wednesday
加地 (かじ), Kaji (name)
大砲 (たいほう), Cannon
浄化 (じょうか), Purification
親指 (おやゆび), Thumb
不死身 (ふじみ), Immortality
解毒 (げどく), Detoxification
顔色 (かおいろ), Complexion
前向き (まえむき), Positive
新入り (しんいり), Newcomer
治せ (なおせ), Heal (imperative)
見当た (みあた), Find
傑作 (けっさく), Masterpiece
上等 (じょうとう), Superior
分類 (ぶんるい), Classification
名声 (めいせい), Fame
明朝 (みょうちょう), Tomorrow morning
人材 (じんざい), Human resources
ピアス (ぴあす), Piercing
アビゲイル (あびげいる), Abigail
国連 (こくれん), United Nations
家内 (かない), Wife / inside the house
群衆 (ぐんしゅう), Crowd
講義 (こうぎ), Lecture
交信 (こうしん), Communication
光景 (こうけい), Scene
使者 (ししゃ), Messenger
概念 (がいねん), Concept
組み立て (くみたて), Assembly
乗船 (じょうせん), Boarding a ship
過程 (かてい), Process
旧友 (きゅうゆう), Old friend
傾向 (けいこう), Trend
浅野 (あさの), Asano (name)
結合 (けつごう), Combination
単語 (たんご), Word
徹信 (てっしん), Devotion
平凡 (へいぼん), Ordinary
解体 (かいたい), Dismantling
移民 (いみん), Immigrant
閉店 (へいてん), Closing (of a shop)
常務 (じょうむ), Executive director
見分け (みわけ), Distinction
取り付け (とりつけ), Installation
補助 (ほじょ), Assistance
窮地 (きゅうち), Dilemma
策略 (さくりゃく), Strategy
運べ (はこべ), Transport (imperative)
敵対 (てきたい), Hostility
ジョシュア (じょしゅあ), Joshua
丈 (たけ), Length
助け合 (たすけあ), Help each other
設立 (せつりつ), Establishment
楽勝 (らくしょう), Easy victory
グレアム (ぐれあむ), Graham
国土 (こくど), Territory
平均 (へいきん), Average
教訓 (きょうくん), Lesson
読書 (どくしょ), Reading
備後 (びんご), Bingo (place)
調理 (ちょうり), Cooking
過 (か), Over
上品 (じょうひん), Elegant
オーストリア (おーすとりあ), Austria
独占 (どくせん), Monopoly
片付 (かたづ), Tidy up
ダンブルドア (だんぶるどあ), Dumbledore
食品 (しょくひん), Food products
丁 (てい), 丁 (Japanese counter for houses or buildings)
上空 (じょうくう), Sky above
指摘 (してき), Point out
上官 (じょうかん), Superior officer
復元 (ふくげん), Restoration
断言 (だんげん), Assertion
容器 (ようき), Container
男達 (おとこたち), Men
王家 (おうけ), Royal family
点け (つけ), Light (imperative)
真っ直ぐ (まっすぐ), Straight
対面 (たいめん), Face-to-face
一旦 (いったん), Once
所在 (しょざい), Location
措置 (そち), Measure
アデル (あでる), Adele
人手 (ひとで), Manpower
クライアント (くらいあんと), Client
振動 (しんどう), Vibration
罪人 (ざいにん), Criminal
地雷 (じらい), Landmine
撃ち殺 (うちころ), Shoot dead
照準 (しょうじゅん), Aiming
両 (りょう), Both
独自 (どくじ), Unique
新品 (しんぴん), Brand new
社交 (しゃこう), Socializing
名刺 (めいし), Business card
分解 (ぶんかい), Disassembly
同じく (おなじく),Likewise
通り (とおり),Street
口径 (こうけい), Caliber
以前 (いぜん),Before
職務 (しょくむ), Duty / job
機器 (きき), Equipment
麗子 (れいこ), Reiko (name)
自己 (じこ),Self
